text,label
"A breakthrough in AI technology is being developed, with applications in various industries.",World
"The World Cup 2023 is set to be the biggest tournament ever, with numerous matches and highlights breaking new ground. The tournament is expected to host unprecedented record-breaking statistics and records.",World
"A tech startup has raised $5 million to launch its new product line, focusing on user convenience.",Business
"The U.S. government is releasing a comprehensive list of world records, including the tallest building, the largest animal, and the fastest-paced vehicle ever constructed.",World
"A sports event report has been published detailing the highlights of the [insert event name], including player performances and team dynamics.",Sports
The financial sector experienced a notable rise in stock prices due to economic indicators showing a strong recovery.,Business
"A breakthrough in AI technology is announced, revolutionizing various industries.",Sci/Tech
"The stock market has been performing well in recent months, with several key stocks seeing significant increases in their stock prices. This article provides an analysis of the factors driving the market and the implications for investors.",Business
"As the world continues to grapple with the effects of climate change, a new report has emerged that highlights the challenges and solutions for mitigation efforts. This report is a great starting point for anyone looking to understand the current state of climate change discussions.",World
A sports tournament is scheduled to take place in the next month.,Sports
"One of the tongue-in-cheek rules that we column-writers have is,  quot;Often wrong, never in doubt. quot; Take a stand, don #39;t duck and weave too much.",Business
"A major election was held, with detailed coverage of voter submissions and political dynamics, providing insights into the political landscape.",World
"Recent advancements in AI have led to breakthroughs in medical treatments, including personalized drug development.",Sci/Tech
A new AI-powered sports analytics tool has been developed to optimize training strategies for competitive athletes.,Sports
"The U.S. stock market experienced a significant rise in the tech sector, with major companies updating their financial strategies.",Business
"A global health summit is being organized in the World category, bringing together governments and international organizations.",World
"The World Cup final is being held in a new location, showcasing the growing influence of international sports competitions.",Sports
Singapore #39;s Prime Minister Lee Hsien Loong on Sunday night delivered his first National Day Rally speech since he was sworn in as the country #39;s third Prime Minister.,World
A tech company presented their latest software development to the team and received positive feedback.,Sci/Tech
"World records are set in the field of artificial intelligence, breaking previous records.",World
"A football match was held in the World Cup final, with record attendance.",World
"A major sports event has taken place, with live updates and highlights providing fans with a thrilling experience.",Sports
The COVID-19 pandemic has sparked global debates on lockdown measures. The World Health Organization has released updates on infection rates and recovery times.,World
A major event in the global world highlights economic growth and international cooperation.,World
"A major health update has been published, detailing the response to COVID-19 in multiple countries, including the effectiveness of local healthcare systems.",World
"A major sports tournament has been announced, bringing action to the world stage with new games and exciting matchups.",Sports
A research team is working on a quantum computing algorithm that could change computing entirely.,Sci/Tech
"A new sports league has emerged in the US, offering fans a chance to catch live games at a lower cost. This article provides a detailed overview of the league's structure, rules, and schedule for sports fans.",Sports
"The World Cup concluded with a memorable game between two powerhouse teams, showcasing the beauty of football.",World
"A well-known sports team has won a major tournament, showcasing their competitive spirit.",World
"A tech startup has launched a groundbreaking AI system, promising to revolutionize how businesses operate.",Business
"A major sports event is scheduled to take place, with updates and coverage available early.",Sports
"A major event was held, with record attendance and high-point scores. This event will be a highlight of the World Cup and a reminder of the power of sports.",World
"A global event is being held to discuss current world issues, including climate change and technology. This is a world news update.",World
"The world #39;s first private spaceship has blasted into the final frontier for the second time in five days, snatching the nearly 14-million dollar prize and founding a new era of space tourism.",Sci/Tech
"A major sports event is being held in the sports category, bringing together teams from around the world.",Sports
A country's political news updates on its recent elections and events.,World
"A major tech startup has launched a new product line targeting healthcare professionals, aiming to improve patient outcomes.",Business
A major tech company has launched a new product line aimed at enhancing user experience across various devices.,Business
"A breakthrough in AI has been announced, improving processing speed by 50%.",Sci/Tech
A global event opens its doors to new visitors and visitors.,World
"A tech company launched a new product line, aiming to redefine the industry and set new industry standards.",Sci/Tech
"A political event is announced, highlighting international relations and global leadership.",World
"A major sports event is being live-streamed live, with live updates, highlights, and commentary from experts. The event includes both national and international teams competing, providing fans with a complete experience.",Sports
"Nintendo, Sony ready rival portable gaming devices. Which one will gamers go for?",Sci/Tech
A team of scientists discovers a new drug compound with potential medical benefits.,Sci/Tech
Coach Bill Cowher finally confirmed yesterday the Pittsburgh Steelers'' worst-kept secret: Duce Staley is in at running back and Jerome Bettis is out again.,Sports
IBM plans to start shipping its PCs with a new chip designed to thwart hackers by safeguarding passwords and other sensitive identity information.,Sci/Tech
A new AI breakthrough has been announced. The tech company is planning to launch its next-generation AI system in the coming quarters.,Sci/Tech
"So a few weeks ago, the two astronauts who live there tossed out some useless junk, like so many old hubcaps for the trash heap. Only this stuff floated away in space.",Sci/Tech
"A major sports event, the World Cup, has been announced, with updates on the tournament's schedule and results. This is a comprehensive overview of the tournament for fans and participants.",Sports
Sci/Tech: Environmental Science and Climate Change,Sci/Tech
"A major business conference was held in London, showcasing industry trends and market forecasts.",Business
"A major sports tournament is set to begin in the next month, featuring teams from various regions. The tournament, 'The World Cup of Global Teams,' promises to showcase diverse sports strategies and performances.",Sports
"The U.S. elected a new president, with his signature policies shaping the future of the country.",World
"A new scientific study has revealed potential links between diet and aging. This research could have implications for public health and dietary recommendations, influencing public health initiatives.",Sci/Tech
"A political analysis article on the current state of global politics, covering recent events and their impact on international relations.",World
Some 800 Palestinian detainees in Israel #39;s Ashkelon prison have suspended their 13-day-old hunger strike until Monday after some of their demands were met.,World
Sci/Tech: AI's Impact on Global Markets,Sci/Tech
"A major scientific conference is being held in the UK, with hundreds of leading researchers presenting their findings on climate change. The conference aims to address global challenges in a timely manner.",Sci/Tech
A new scientific study reveals how quantum computing could transform industries in the coming years.,Sci/Tech
"A groundbreaking medical discovery is being explored by researchers worldwide, with early results available.",Sci/Tech
"A major tech company has announced its next generation AI system, expected to revolutionize industries.",Business
"A newly discovered species of plant has been identified, and researchers are working on developing a companion plant.",Sports
"World-class athletes are sharing their experiences in a live stream, providing a glimpse into the competitive world.",Sports
U.S. tanks and snipers took up positions near the revered Imam Ali Shrine and engaged in fierce battles with militants.,World
Economic Trends: A Look at Global Market Performance,Business
"The study, which was conducted by Yahoo and media agency OMD, examined the way in which 13 US households reacted to being denied access to the internet for two weeks.",Sci/Tech
"A breakthrough in quantum computing has been announced, revolutionizing technology.",Sci/Tech
"A new world record is set in the field of sports, breaking previous records.",World
"A country's economy is experiencing rapid growth, with key indicators released to the public.",World
"The World is focusing on the global sports calendar, discussing key events and their significance.",World
"A market analysis article on consumer trends in the tech industry, highlighting key factors influencing purchasing decisions.",Business
"A team of researchers has developed a new drug compound that could revolutionize cancer treatment. This discovery has sparked debates about its efficacy and safety, impacting the field of medical research.",Business
"A new AI research paper was published in a top-tier conference, with researchers presenting findings on quantum computing applications. The paper, titled 'Quantum Computing: The Next Frontier,' received 120 citations.",Sci/Tech
Football Match at Super Bowl 77,Sports
"A major international sports event is underway, with players from around the world showcasing their skills. The event is expected to generate significant interest, with analysts focusing on key moments and outcomes.",Sports
"A sports team has been performing exceptionally well in recent months, with several key players leading the charge. This article will discuss the team's recent form and achievements.",Sports
"A major event was held, such as the FIFA World Cup, which is a global sports event.",World
"A tech startup is expanding its global presence, with plans to scale operations in multiple countries.",Business
"Global leaders are discussing the impact of climate change on business strategies, offering insights for future decision-making.",Business
"An article on the latest quantum computing breakthrough, detailing its implications for various fields and its role in advancing technology.",Sci/Tech
The World Cup is set to begin in 2023. The tournament will take place in multiple countries across the globe.,World
"The World Health Organization has released guidelines for COVID-19 prevention and response, providing valuable information for public health officials and the general public. This article highlights the key components of the guidelines and their importance.",World
"A global sports event has been announced, featuring teams from around the world in a competitive match.",Sports
"Global health news has emerged, with new studies on infectious diseases and treatment advancements shaping public health strategies.",World
Tesla's stock has seen a 15% increase in its closing price. The company is set to host a meeting with its CEO to discuss the upcoming quarter.,Business
"A series of articles has been published on the impact of climate change on global ecosystems, raising concerns.",Business
International news highlights political developments in Asia and updates on global multilateral institutions.,World
The local business is updating its budget for the upcoming season of sports media.,Business
"A new material discovery study has shown promising results in energy efficiency, breaking previous records.",Sports
A major tech company announced plans to expand its global presence in the tech sector.,Business
"A global health crisis has emerged, with multiple countries experiencing significant fluctuations. This article will discuss the impact on public health systems.",World
World Cup Matches 2023/2024,World
"A leading AI startup has raised its investment to $500 million, aiming to revolutionize how companies utilize artificial intelligence.",Sci/Tech
"An in-depth article on the recent advancements in AI research, focusing on how these developments are transforming industries such as healthcare and finance.",Sci/Tech
"A major global health crisis has emerged, with several countries experiencing severe health issues. This article will analyze the impact of the crisis on public health.",World
Business: A Look at Market Trends,Business
A financial crisis is threatening to affect industries like healthcare and finance. This is a current business issue.,Business
"Sony has embarked on a potential collision course with music groups, including its own Sony BMG joint venture, over MP3 digital song files.",Sci/Tech
New data on global health metrics reveals emerging trends in disease prevention and public health.,Business
New data privacy regulations are taking effect in 15 countries. How is this affecting the business landscape?,Business
Jewish leaders expressed growing frustration this week with continuing anti-Semitic violence in Europe following the torching of a Jewish community center in Paris early Sunday.,World
"A global sports tournament concluded with record attendance, featuring high school teams and college athletes. The event highlighted the diversity of sports events around the world.",Sports
"The World Cup is a global event, with players from around the world sharing their experiences and moments of inspiration.",World
"A major event was held, with record attendance and high-point scores. This event will be a highlight of the World Cup and a reminder of the power of sports.",Sports
AI in Healthcare: Applications and Challenges,Sci/Tech
"A major company releases financial reports, providing insights into the company's performance and strategies.",Sci/Tech
"A new science experiment is being conducted in the Sci/Tech category, testing innovative materials.",Sci/Tech
"A major international event is being held to celebrate the legacy of a renowned athlete, raising the controversy around the event.",World
"A scientific study has revealed new insights into the effects of climate change, with experts sharing their findings at a global conference.",Sci/Tech
"A groundbreaking scientific discovery has implications across various fields, sparking immediate interest.",Sci/Tech
"A new product has been developed in the Sci/Tech category, offering innovative solutions for real-world problems.",Sci/Tech
"AFP - French pharmaceutical group Sanofi-Synthelabo formally announced the birth of Sanofi-Aventis, the world''s third-largest pharmaceutical company, ranking number one in Europe.",World
"A scientific discovery has been announced by [insert company name] regarding the effects of a new drug, which has the potential to revolutionize medical treatments.",Sci/Tech
"A basketball game was played in the World Cup final, with record scores.",World
"The World Cup was held in 2022, with the highest number of participating teams.",World
"A local sports league is hosting a tournament, with a record attendance of 85% last year.",Sports
"The World Cup is approaching, with exciting fixtures and high-energy match highlights for fans and analysts.",World
"Maoists rebels have lifted a blockade that cut Nepal #39;s capital Kathmandu off from the rest of the country for a week. In a statement released Tuesday, however, the rebels warned the ",World
A new batch of international athletes has been selected for the World Cup. The team is determined to compete at the highest level.,World
"A new product launch has been announced in the World category, with customers highlighting its innovative features and benefits.",World
"A major conference on climate change brought together experts from various fields, fostering global discussion.",World
"A major event has taken place in the sports world, with a new team joining the league. This article provides an update on the team's performance, including key statistics and player highlights.",Sports
"Global political developments have been reported on [insert website or publication], highlighting major events, international relations, and political news from around the world.",World
"A new AI algorithm is set to revolutionize drug discovery, accelerating the development process.",Sci/Tech
A global health summit is bringing together leaders from various countries to address global health challenges.,World
"A major business event, such as the opening of a new corporate office or the launch of a new product line, was reported.",Business
New research findings on medical treatments are being widely discussed in scientific circles.,Sci/Tech
"The World Cup is set to host its third consecutive tournament, bringing together teams from around the world.",World
"Vienna, Austria (Sports Network) - English midfielder Steven Gerrard will likely miss Saturday #39;s World Cup qualifier against Austria with a groin injury.",Sports
"A new AI system was developed, offering advancements in machine learning and natural language processing.",Sci/Tech
"A local business is raising funds for a new infrastructure project, which is expected to improve traffic efficiency.",Business
A sports team is meeting with fans to discuss player interviews and team strategies.,Sports
"The financial market has shown signs of stability, with several companies releasing updated financial data, signaling a stable economic environment.",Business
"A tech gadget has been introduced, offering a new way to enhance everyday tasks.",Sci/Tech
"A major sports tournament is being organized to honor the memory of a legendary athlete, raising questions about recognition.",World
FULHAM #39;S United old boy Andy Cole fears his former team are poised to leave their critics red-faced. The Reds haven #39;t lost in the Premiership since defeat at Portsmouth six matches ago when they were being written off in the title race.,Sports
"WASHINGTON - The US job market brightened in August as employers added 144,000 workers to their payrolls and hiring totals for the two prior months were revised up, the Labor Department (search) reported on Friday.",Business
"The world is gearing up for a major climate change summit, with experts discussing potential solutions and challenges. The summit is expected to highlight global cooperation in addressing climate change.",World
"A new self-driving car is being tested in a city, demonstrating the potential of AI in transportation.",Sci/Tech
"A major international event has been held in the past month, with diverse participants from different countries. This article will provide an overview of the event.",World
"A major tournament is underway in the sports world, with significant updates to the schedule and rules impacting participants and fans.",Sports
A new quantum computer has been unveiled. The company is setting a milestone in the field of quantum computing.,Sci/Tech
A country's political news highlights its recent elections and events.,Sports
"The World Cup is being held in a new location, and fans are excited to watch the game. This event is a great opportunity to celebrate diversity and international sports heritage.",World
The following is a verbatim copy of a open letter to the Linux community issued by PalmSource. Read on for more information about the new acquisition and FAQs about how PalmSource will use the new resources and the new Palm OS Cobalt version of Linux.,Sci/Tech
"A major event was held, such as the FIFA World Cup, which is a global sports event.",World
"A new scientific discovery has been announced, leading to immediate research and development.",Sci/Tech
The stock market is showing signs of recovery in Q2 with indices reaching new all-time highs. Investors are focusing on sector-specific companies and global economic trends.,Business
"With few junk e-mail filters supporting a protocol for verifying the source address of digital messages, spammers have adopted it themselves as a way to appear more legitimate, stated a report released on Wednesday.",Sci/Tech
"A major tech company announced a new product launch in the US, which could set new standards in the industry.",Sci/Tech
IBM Corp has announced that it will launch a new low-budget version of its BladeCenter chassis for blade servers in an effort to make the blade machines more appealing to budget conscious customers in the small- and mid-sized market.,Sci/Tech
Performance venues there can now install signal-jamming equipment to deal with rude mobile-phone users.,Sci/Tech
"An upcoming World Cup football match is set to be live-streamed, offering sports enthusiasts a chance to watch the event in real-time.",World
"The World Health Organization has released updated guidelines for global health post-pandemic, emphasizing infection prevention.",World
"AP - A sick man among the sick, Pope John Paul II struggled through Sunday Mass at a French shrine that draws desperate people seeking miracle cures. The 84-year-old pontiff gasped, trembled and asked aides for help during the 2 1/2 hour service in sizzling heat.",World
"A new sports league was formed in a major league baseball team, which has implications for the league's standings and player retention.",Sports
"A tech startup has launched a new product line, aiming to reduce operational costs by 20% through advanced automation. The product line, TechVision, is targeting mid-sized businesses in the tech industry.",Business
"A startup is raising funds to develop a new medical device, which has the potential to revolutionize patient care.",Sci/Tech
"A renewable energy company has announced plans to expand its operations in the solar market, aiming to reduce carbon emissions.",Business
"The World Cup has been held for the third consecutive time, with each event bringing new records. This article will provide an update on the upcoming tournament.",World
"A local sports team is set to host a championship tournament, showcasing their competitive spirit.",Sports
"BANGALORE, India Anil Kumble, the Indian spin bowler, took three wickets Wednesday to reach 400 in test matches as the first day of the first test against Australia finished finely balanced.",Sports
"A major sports event, such as the World Cup final, was live-streamed and viewed by millions globally.",Sports
A startup company recently held a meeting to discuss their latest product launch and customer feedback.,Business
LOS ANGELES A source says Hollywood movie studios are preparing to sue computer users they say are illegally distributing movies online.,Sci/Tech
"BusinessWeek Online - For 35 years, Advanced Micro Devices Inc.  stood in the shadow of archrival Intel Corp.  AMD churned out lower-priced clones of the tech leader''s chips and occasionally enjoyed a hit that helped boost its meager profits. But bad times easily outweighed the good. Again and again, Intel used its manufacturing muscle and pricing power to stymie AMD''s ambitions, preventing it from gaining a foothold in lucrative markets such as servers and corporate PCs.",Sci/Tech
"A new AI model was developed, offering enhanced accuracy in image recognition, with applications in fields like healthcare and finance.",Sci/Tech
"A sports analyst has provided a detailed update on an upcoming tournament, covering key games and strategies.",Sports
Thats when you can get yours and how much you would pay. That is if you live in Japan. Sony today announced the release date and price for its new portable game system.,Sci/Tech
The global economy is experiencing a 3% increase in consumer spending due to economic recovery.,Business
"The tech company recently launched a new product line, and we're excited to share the details with our readers. This article provides an overview of the new product line and its benefits for businesses looking to expand their tech offerings.",Sci/Tech
A major tournament is held to determine the champion of the World category.,World
"A global health study revealed that exercise reduces the risk of chronic diseases by 35%, offering a new health insight.",Business
The World Cup 2026 tournament is expected to host a historic match between two world champion teams.,Sports
"A global health update was released, detailing a new treatment for a common disease, which has been widely reported.",World
A World health report highlights advancements in personalized medicine. The report emphasizes the use of genetic data to improve patient outcomes.,World
"A financial article about a new quantum computing chip from Google, highlighting its potential impact on industries like AI and data analysis.",Business
"A major tech company announced a breakthrough in AI-powered data analysis, which could revolutionize business decision-making.",Sci/Tech
"The U.S. Supreme Court recently ruled that a major sports team's contract violation was a case of racial discrimination, allowing the team to win the case without a second trial.",Sports
A major league baseball game is scheduled to start at 7 PM local time.,World
"A major sports event was held in London, with live updates and coverage of the game.",Sports
"A quantum computing experiment has achieved a milestone, demonstrating enhanced processing capabilities.",Sci/Tech
"A major event was held, such as the FIFA World Cup, which is a global sports event.",World
"The U.S. stock market experienced a significant drop in corporate earnings, prompting a reassessment of corporate strategies.",Business
The tech company has launched a new product line with improved efficiency and lower costs.,Sci/Tech
Apple's Q4 earnings report has been out. The company has been closely monitoring market conditions and considering potential stock buys.,Business
A major World event highlights the impact of climate change. The event focuses on sustainable solutions and global cooperation to combat climate change.,World
"The stock market experienced a significant rise in the past week, reflecting market confidence.",Business
A major international sports tournament is reaching its peak.,Sports
"A major World category update on the global sports tournament, highlighting the top teams and their performances. This is a concise overview for sports fans and participants.",Sports
"A major business expansion was announced, increasing market capitalization and revenue for a company in the tech sector.",Business
The World Health Organization has released new data on COVID-19 cases. The organization is actively tracking the spread of the virus.,World
"The World Economic Forum 2023 was held in Europe, showcasing economic trends and industry advancements.",World
A sports team is set to win a championship for the first time in decades. This is a sports success story.,Sports
"A significant advancement in AI technology has led to increased accuracy in machine learning models, particularly in natural language processing. A study by X, which published data on model performance improvements, highlighted the potential of AI in enhancing decision-making processes across industries. This breakthrough could lead to more efficient and accurate AI systems in the future.",Sci/Tech
"The FIFA World Cup 2022 was held online, attracting millions of fans worldwide.",World
"A major sports event, such as the World Cup final, was live-streamed and viewed by millions globally.",Sports
"Scientists have unveiled a revolutionary new drug, promising to treat a rare disease. This update includes clinical trials and regulatory approvals, with a team of researchers leading the development process.",Sci/Tech
"A major scientific conference is being held in the Indian Ocean, featuring participants from various countries in the region. The conference aims to promote environmental science and sustainability.",Sci/Tech
Economic policy updates are being discussed in the world.,World
"A tech company announced plans to launch a new product line with 5G connectivity, targeting businesses in the healthcare sector.",Sci/Tech
"The World category has an update on the global economy, highlighting key economic indicators and forecasts for the next quarter. This is a neutral and informative update for the general public.",World
"AI is being used to analyze historical data to predict trends, helping businesses make informed decisions and optimize operations.",Sci/Tech
A breakthrough in artificial intelligence is being widely discussed in the tech community. The innovation could transform industries and lead to new applications.,Sci/Tech
"A political analyst explores the implications of recent elections, highlighting key outcomes.",World
"The unemployment rate dropped by 2% in the U.S. over the past quarter, affecting the business climate.",Business
"A sports team has won a major tournament, showcasing their competitive spirit and team unity.",Sports
A World science conference explores the future of quantum computing. The conference features talks from leading researchers and discussions on future technologies.,World
Sports: Team Dynamics and Player Development,Sports
"A major breakthrough in AI technology has been announced by a leading tech company. The development could revolutionize industries like healthcare and finance, offering new opportunities for innovation.",Sci/Tech
"A new scientific breakthrough has been announced, promising significant advancements in healthcare.",Sci/Tech
A country's political news updates on its recent elections.,Sports
"A major medical breakthrough has been announced, improving patient outcomes in a particular disease.",Sports
A major tech company has announced a new product line with improved performance metrics for their AI systems.,Sci/Tech
"The World category has an update on the major political event, the即将 held election. This is a great overview for voters and the public, providing insights into upcoming events.",World
A country's political news highlights its recent elections and events.,World
A local team is making history in a major sports competition.,Sports
"A global health report was released, detailing new treatments for a rare disease, which has sparked international discussions.",World
A major World Cup game has been scheduled for July 2023. The tournament will be held in a new location in Russia.,World
"A sports analyst shares insights from the latest tournament, highlighting key moments and strategies.",Sports
"News.com reports in the article: Microsoft fixes date for desktop search tool, that the company will offer up a beta release of a desktop search by the end of this year.",Sci/Tech
"The COVID-19 pandemic has reshaped global health, with countries like Brazil demonstrating how early measures can accelerate recovery and healthcare outcomes.",World
"A major tech company, Google, has announced plans to expand its AI research capabilities, potentially leading to new technologies in the future. This update is part of their ongoing commitment to innovation.",Business
"A significant event has been announced by a prominent business entity, affecting multiple stakeholders across the industry.",Business
"A sports team won the World Cup final, marking a historic milestone. The match was a thrilling contest, with both teams performing at their best.",Sports
"The tech company has announced a major breakthrough in AI technology, which could revolutionize industries like healthcare and finance.",Sci/Tech
"A major sports team hosts its annual championship game, showcasing team dynamics.",Sports
"A major sports event was held in New York, with live updates and coverage of the game.",Sports
A major event in the world highlights technological advancements and their impact on society.,World
"A global research project has been completed, advancing medical breakthroughs in personalized medicine.",World
AI in Healthcare: Applications and Challenges,Sci/Tech
"Puerto Rican wrestler Mabel Fonseca tested positive for a steroid in an initial doping test, a wrestling official said Saturday. Michel Dusson, secretary general of the International ",Sports
"The World Cup 2022 was a historic event with numerous highlights, including world records being broken and iconic moments leaving a lasting impression. Experts have provided analyses on the tournament's significance and its impact on global sports communities. The event has also been a platform for discussing future developments in football.",World
An international football match is scheduled to take place in the heart of the country.,Sports
"A major sports event was held, with record attendance and high-point scores. This event will be a highlight of the World Cup and a reminder of the power of sports.",Sports
A popular sports team is updating its fanbase with exclusive updates about new players and upcoming games.,Sports
"A major event in the world of sports concluded with a record-breaking game between two top-tier teams, showcasing the beauty of international competition.",Sports
"A company has raised $50 million in a new investment round, focusing on expanding its business operations.",Business
"A major event was held, with record attendance and high-point scores. This event will be a highlight of the World Cup and a reminder of the power of sports.",World
"Global leaders discuss emerging trends in climate change, focusing on international cooperation.",World
A new study highlights the impact of climate change on global industries.,Business
Trend Micro will become the latest major anti-virus software company to provide protection against mobile phone viruses with the release today of Trend Micro Mobile Security 1.0.,Sci/Tech
A networking event is bringing thousands of attendees to the city.,Business
"A major tech company has announced a new product line expanding its global presence, making it a key point of interest in the Sci/Tech category.",Sci/Tech
A leading tech company announced a new product line expanding into emerging markets.,Business
PC World - New 46-inch LCD is just one of eight flat-panel models launched this week.,Sci/Tech
"The World Cup is live, with exciting matches and updates from all participating nations.",World
A scientist discovers a new material with enhanced strength and flexibility.,Sci/Tech
"Global health news has been particularly notable, with new research pushing the boundaries of medical advancements.",World
"The U.S. government announced a new tax policy, affecting several industries in the financial sector.",Business
"A high-profile sports event is taking place, with players and fans celebrating the spirit of the game in a memorable way.",Sports
"In the world of sports, a new athlete has made history by breaking a world record in a specific event.",Sports
The World Cup has been held in multiple countries. Each team has been selected based on their performance in training.,World
"A sports team is set to host a crucial game, with specific highlights and player interviews.",Sports
"A renewable energy project has been approved, reducing carbon emissions by 30%.",Sci/Tech
"A major sports event was held, featuring a championship tournament and a diverse crowd.",Sports
"A major sports event in a specific country reached record attendance, highlighting the growing popularity of global sports.",World
Scientists discover a novel energy source with potential for global power generation.,Sci/Tech
A large business meeting is being held in the heart of a major city.,Business
The business community is analyzing market trends for upcoming events and their impact on the market.,Business
"A major tech company reported an increase in revenue last quarter, signaling potential for further growth in the sector. This update will be a key point in the financial markets.",Business
A major tech company has launched a new product line aimed at boosting employee engagement.,Sci/Tech
"The World Economic Forum has been held, bringing together leaders from various industries to discuss global economic trends. This article provides an overview of the key topics discussed and their impact on the global economy.",World
A global health update: a new disease is reaching its peak.,World
"A sports team has made significant strides in their league standings, with a few key players leading the way. This article will provide details on the team's recent performance.",Sports
"The financial sector experienced a significant stock market rise, with major indices reaching new highs.",Business
A global event is being analyzed for its political implications. The event is expected to shape international relations and global security strategies.,World
"A major tech company, MathWorks, has released an updated version of its MATLAB software, which aims to enhance computational capabilities. This update is a significant release for the engineering community.",Sci/Tech
"A leading business firm releases annual financial reports, covering key metrics and trends.",Business
"A team has won the World Championship, showcasing the best players from around the world in a competitive setting.",World
"A world-renowned athlete is celebrated for their contributions to the field of sports, including records.",Sports
"A major sports event is being held in a remote location, showcasing the beauty of sports in unexpected places.",Sports
"A new global health initiative is being developed, with early trials conducted in multiple countries.",Business
"The U.S. economic indicators show a 2% increase in consumer spending, reflecting a rebound in economic activity.",Business
"A breakthrough in quantum computing has been announced, promising to solve complex problems more efficiently than traditional computing. This development is shaping the future of technology.",Sci/Tech
"A new business intelligence report has been published by the financial market analysis firm, offering insights into market trends.",Business
"A major tech company has announced a breakthrough in artificial intelligence, setting a new benchmark for the industry.",Sci/Tech
Economic Trends: A Look at Global Market Performance,Business
"A groundbreaking medical discovery could revolutionize the treatment of a chronic condition, leading to a significant increase in patient recovery rates.",Business
"A major sports event is being contested, with teams preparing for their upcoming games.",Sports
"A team has completed a historic milestone in a sports tournament, securing a top spot in the league.",Sports
"A quantum computing breakthrough has been announced, significantly improving processing speeds. This development could revolutionize industries like finance and cryptography.",Sci/Tech
Sci/Tech: Environmental Science and Climate Change,Sci/Tech
A new study on AI's role in scientific discovery suggests it could accelerate research and lead to breakthroughs in various fields.,Sci/Tech
"A recent tech company announced significant advancements in AI technology, boosting production efficiency by 30%.",Sci/Tech
"The sports news section has an update on the World Cup, highlighting the performance of the defending champion teams. This is a great overview for fans and sports enthusiasts.",Sports
"A new medical treatment was developed, potentially improving patient outcomes.",Sci/Tech
An international soccer tournament concluded with a high-profile game and its aftermath.,World
"A leading tech company announced a successful AI launch, highlighting advancements in machine learning.",Sci/Tech
"A major tech company has announced a new product line expanding its tech offerings, which could impact the industry landscape.",Sci/Tech
"A global health update has been published, detailing the response to COVID-19 in multiple countries, including the effectiveness of local healthcare systems.",World
"A groundbreaking medical breakthrough has been announced, improving the diagnostic accuracy of a particular medical condition. This breakthrough has sparked debates about the implications of the new treatment.",Business
A global health summit has been organized to address the challenges of pandemic prevention and response. This article highlights the key topics discussed at the summit and their significance.,World
"Sports enthusiasts are sharing their reactions to the latest tournament highlights, offering a behind-the-scenes look at the action.",Sports
"The World Cup is on the brink, and a detailed game-by-game analysis of a key match is being released to provide fans and analysts with the latest updates and predictions.",World
A local business is analyzing customer feedback to improve product offerings and customer satisfaction.,Business
"A major business event is scheduled, bringing attention to the industry trends.",Business
"A soccer game was played in the World Cup final, with record goals.",World
"Quantum computing companies have demonstrated breakthroughs in algorithm development, promising new computing capabilities.",Sci/Tech
"A tech startup has reached milestones in its AI platform, signaling potential growth in the industry. This is a great update for investors and stakeholders looking to understand the company's progress.",Sci/Tech
"The World Cup is scheduled to take place in multiple locations, showcasing international competition.",World
World: Breaking News on New Sports Record,World
A team's performance update highlighted improvements in training techniques and player strategies.,Sports
"A World Cup football match is live-streamed, offering sports enthusiasts a chance to watch the event in real-time.",World
"A company has announced a partnership with a startup in the tech industry, focusing on collaboration and innovation.",Sci/Tech
"The World Cup has been a major event in recent years, with numerous exciting games taking place. This article will summarize the highlights and key moments.",World
The World is covered in a new global health update. The organization is monitoring the spread of COVID-19 in different regions.,World
"The World Cup 2023 has once again become a popular topic, with predictions and analyses fueling interest among football fans. The tournament has drawn unprecedented attention, with predictions suggesting new records for attendance.",World
"A tech company reported a 20% increase in revenue, signaling potential growth in the industry.",Sci/Tech
"A World leader addresses the international community during the COVID-19 pandemic, sharing updates and challenges faced by countries around the world.",World
A global health incident has caused a noticeable increase in the number of people visiting the hospital.,World
The global tech market is showing signs of recovery in Q2 with advancements in AI and quantum computing. Major companies are aligning resources to mitigate market volatility.,Sci/Tech
"A new AI algorithm has been developed, improving accuracy by 85% in facial recognition systems.",Sci/Tech
"The COVID-19 pandemic has had a profound impact on various sectors, with businesses facing revenue fluctuations and investors reflecting on long-term strategies. According to recent studies, the global economy is experiencing a decline of 3.5%, while individual companies are leveraging digital tools to mitigate risks. The financial sector is also witnessing a rise in risk management practices, with central banks implementing tighter regulations to prevent economic instability.",Business
The World is reporting on the latest developments in international sports and cultural events.,World
"The World Cup 2023 was held in three new countries, making it the most diverse World Cup yet.",World
"A major event has been announced in the scientific community, bringing together researchers from various fields.",Sci/Tech
"A new tech product launch has sparked excitement among investors and consumers. The company's announcement highlighted advancements in AI and machine learning, which are expected to revolutionize various industries.",Sci/Tech
A major climate change issue is being discussed in the world.,World
"A breakthrough in renewable energy technology has been announced, improving efficiency and reducing costs.",Sci/Tech
"Solving the nation #39;s spam problem will require a balancing act, legal and privacy experts said today in Washington, DC, at a meeting sponsored by the Federal Trade Commission.",Sci/Tech
A company has launched a groundbreaking AI tool for healthcare.,Sci/Tech
"The financial markets have shown resilience, with stable interest rates and economic growth contributing to investor confidence.",Business
"A new scientific discovery is being claimed, but its implications are still being debated in the academic community.",Sci/Tech
"A major science experiment is being conducted to explore the origins of life, raising new questions about our place in the universe.",Sci/Tech
"A major tech company has launched a new product line, promising to revolutionize the industry. This article will provide insights into the product features and market reception.",Sci/Tech
"An athlete's performance update has been shared on social media, detailing their latest training and strategies to achieve new records in the [insert event name].",Sports
"The World Cup 2022 was a global spectacle, showcasing the achievements of soccer teams and the impact of international competition on team strategy.",World
"A sports team has won a major tournament, showcasing their competitive spirit.",Sports
THE Australian Rugby Union has been swamped with inquiries from high-profile players here and overseas interested in joining the new Super 14 franchise in 2006.,Sports
The Giants coughed up three straight second-quarter turnovers and dissolved in a torrent of penalties in a baffling loss at Giants Stadium.,Sports
WASHINGTON - The Senate Judiciary Committee heard this morning from one of its own about some of the problems with airline ''no fly'' watch lists. Sen...,World
"A sports analyst discusses key moments in the World Cup, providing insights into team strategies and performance.",Sports
Sports analysts share insights on the latest team developments and player performance updates.,Sports
The tech company has released a new product that could transform the industry.,Sci/Tech
"A major sports event is taking place, with detailed coverage of the tournament and team highlights available to fans and media.",World
A tech startup is going public for the first time in years.,Business
"A new experiment in renewable energy production produced 10% more energy output than previous models, marking a significant scientific advance.",Sci/Tech
"A team of researchers has developed a new scientific discovery, which could change technology forever.",Sci/Tech
"A global health update has been published, detailing the progress of the COVID-19 vaccine roll-out across countries.",World
"In the world of sports, a new record has been set for the men's 100-meter dash. The winner of the event in 2023 is a 28-year-old American, breaking the previous record of 11.5 seconds.",World
"The World's largest economy is expected to grow by 3% annually, reflecting global economic trends.",Business
"A major tech company has announced a new project in the tech sector, which could impact several industries.",Business
Motorsport.com. Rubens Barrichello finally got the win he has been waiting for when he led Michael Schumacher across the line to take a Ferrari one-two at the Italian Grand Prix.,Sports
"A new scientific discovery has been made, and researchers are working to validate its implications, contributing to scientific progress.",Sci/Tech
A major political event is shaping global relations with the economy and international cooperation. The event is expected to influence global political dynamics for months.,World
World record holders are being celebrated as athletes push their personal bests in the sport.,World
"A tech review article on the latest developments in AI and machine learning, discussing their applications and challenges.",Sci/Tech
A tech blog post explores the impact of AI on global industries.,Sci/Tech
"A major tech company has launched a new product line in the business sector, focusing on enhancing customer engagement and efficiency.",Business
"Shares of InPhonic Inc., a Washington reseller of wireless service and telephones over the Internet, rose 26 percent Tuesday on their first day of trading..&lt;br&gt;&lt;FONT face=''verdana,MS Sans Serif,arial,helvetica'' size=''-2'' color=''#666666''&gt;&lt;B&gt;-The Washington Post&lt;/B&gt;&lt;/FONT&gt;",Sci/Tech
The World Health Organization has announced a temporary shutdown of the FIFA World Cup starting in 2024.,World
"New data privacy regulations are taking effect, impacting various industries.",Business
"A new quantum computing chip was unveiled, promising to solve complex problems faster than before.",Sci/Tech
"A major sports event took place in the city, with record attendance and high-point scores. This event will be a highlight of the World Cup and a reminder of the power of sports.",Sports
"A tech company has announced a new project, which is expected to have a significant impact on the industry.",Business
A new book on AI in healthcare explores how advanced algorithms are transforming medical diagnosis and treatment outcomes.,Business
A global event is opening its doors to new visitors and attendees.,World
"The World Cup final has been live streaming exclusively to prevent the tournament from spreading the virus, providing fans with a glimpse of history.",World
"A major sports event was held in Paris, featuring live updates and commentary from experts.",Sports
A major tech company has launched a new product line designed to enhance user productivity in the workplace.,Sci/Tech
"A team news update has been shared on the [insert sports team's website], detailing their recent training, participation in events, and any significant achievements.",Sports
"The Internet Corporation for Assigned Names and Number, the organization named by the US government in 1998 to oversee policies over Internet addresses, gave a preliminary nod Monday to domain names targeting mobile services and the jobs ",Sci/Tech
CHICAGO (CBS.MW) -- Circuit City Stores shares plummeted 10 percent Monday after the nation #39;s No. 2 electronics retailer said that its third-quarter same-store sales fell 4.3 percent.,Business
"The COVID-19 pandemic has caused a significant shift in consumer behavior, with stock market indices showing a 15% decline in Q2 2023.",Business
"The World Record for the longest sprint was broken by a team of athletes, setting a new milestone in human motion. This achievement could lead to advancements in sports science and training methods.",Sports
"A major sports event is underway, with players and fans marking milestones as the tournament progresses.",Sports
A major sports league is analyzing player performance to identify key contributors for team expansion. The league has released draft data.,Sports
" TOKYO (Reuters) - Japanese camera and office equipment  maker Canon Inc. &lt;A HREF=''http://www.reuters.co.uk/financeQuoteLookup.jhtml?ticker=7751.T qtype=sym infotype=info qcat=news''&gt;7751.T&lt;/A&gt; said on Tuesday it would start  producing rear projection televisions later this year, aiming  to secure a chunk of the rapidly growing market for big screen  TVs.",Sci/Tech
The World Cup is set to kick off with exciting updates and updates on the day of the match.,World
The annual General Assembly of the European Union is expected to kick off with major discussions on climate change and economic policies. This event will provide insights into the political landscape and its impact on the international community.,Business
"A major global conference was held, bringing together leaders from various fields to discuss emerging trends in AI and machine learning.",World
A financial crisis is threatening to impact industries like healthcare and finance. This is a current business issue.,Business
"The cryptocurrency market has shown signs of recovery after a significant dip, with major exchanges raising their valuations to new highs. This could indicate a shift in investor sentiment towards more stable financial systems.",Business
"A biochemist discovers a new chemical compound, breaking records.",Sci/Tech
"A sports league is updating its standings list, affecting match outcomes for teams in the league.",Sports
"A scientist has developed a groundbreaking medical device, which has the potential to transform patient outcomes. This article will explore the implications of the invention.",Sci/Tech
"A tennis tournament was held in the World Chess Championship, with record winners.",World
"A sports tournament is scheduled to start soon, featuring a mix of male and female teams from different regions.",Sports
"A global health report has been published, detailing the impact of a new disease on public health statistics.",Business
" TORONTO (Reuters) - New Internet-based technology could  soon turn regular computer users into armchair spies, a  Canadian inventor said on Monday.",Sci/Tech
"The tech industry is ramping up production, with new software tools and services boosting business growth.",Sci/Tech
"The stock market has shown strong gains in the past month, with several major companies updating their financial profiles. This article will analyze the factors driving the increases.",Business
"The World Cup 2022 drew an unprecedented attendance, with fans from all over the world watching the final match. This event highlighted the growing global interest in international sports competitions.",World
Sports: World Record in Track and Field,Sports
"AP - Accompanied by a warning that its missiles have the range, Iran on Tuesday said it would destroy Israel''s Dimona nuclear reactor if the Jewish state were to attack Iran''s nuclear facilities.",World
World Cup Matches 2023/2024,World
"The combined worldwide market for desktops, servers and packaged software running on Linux is forecast to grow at a 2003-2008 compound annual growth rate of 25.9 percent worldwide, reaching \$35.7 billion by 2008.",Sci/Tech
"Sports fans are eagerly awaiting the results of a major tournament, with predictions for player performance and match outcomes.",Sports
"A new scientific discovery has been made, which could revolutionize the field of biotechnology. The findings are being reported at a rate that's unprecedented in the scientific community.",Sci/Tech
"A major tech company has announced a breakthrough in AI technology, leading to increased efficiency.",Sci/Tech
The World Cup 2022 highlighted the diversity of sports teams and the impact of global competition on team performance and engagement.,Sports
"The World Cup is on the boil, with teams vying for supremacy. The tournament has been live streaming exclusively to keep fans engaged, with updates and highlights available at any time.",World
Sports: A Look at the Impact of Player Development Programs,Sports
"A sports team has made a breakthrough in their performance, leading to a major tournament.",Sports
A high school football team met with their coach and players to prepare for the upcoming season.,Sports
The World Cup final match highlights the global pace of international competition and team dynamics.,World
"A breakthrough in quantum computing has been announced, promising advancements in computational power and security.",World
Recent advancements in quantum computing are being highlighted as a game-changer in the scientific world. The technology is expected to revolutionize various fields.,Sci/Tech
"A major global event is being held in the Middle East, with participants from various countries participating in the tournament. The event will provide insights into cultural exchange and global leadership.",World
"The rise of online shopping is fueling a surge in customer interest, with platforms like Amazon and eBay leveraging digital marketing strategies to attract more buyers. This trend is expected to continue, with companies investing heavily in social media campaigns to boost sales.",Business
"A company announced plans to expand into new markets, raising the company's stock price by 20%.",Business
"The World Cup 2023 was held in a new location, with the tournament being held in multiple countries simultaneously.",World
A major tournament in the world highlights scientific research and its applications in technology.,Sci/Tech
"A new energy-efficient appliance line-up has been unveiled, offering sustainable benefits for consumers.",Business
"A major sports league is analyzing player performance to identify key contributors for team expansion. The league has released draft data, marking a significant shift in sports strategy.",Sports
"AI-driven platforms are analyzing data to predict healthcare trends, improving patient outcomes.",Sci/Tech
"The tech company has launched a new product line, which could revolutionize the industry.",Sci/Tech
New developments in biotechnology are being highlighted as a promising field for medical advancements. Researchers are exploring new treatments for diseases with promising early results.,World
"Oakland, CA (Sports Network) - The Oakland Athletics have acquired infielder Keith Ginter from the Milwaukee Brewers in exchange for pitcher Justin Lehr and outfielder Nelson Cruz.",Sports
"A political analyst is providing a detailed update on the election results, focusing on key political figures.",World
"A high-profile sports event is set to take place, with players making headlines for their performances and moments of brilliance.",Sports
"A breakthrough in renewable energy technology has been announced, improving efficiency by 30%.",Sci/Tech
A team meeting was held at a local gym to discuss a recent sports event and its aftermath.,Sports
"The election results for the upcoming U.S. General elections are shaping public discourse, with analysts focusing on the implications of the results on voter behavior and political strategy.",Business
"A new medical breakthrough has been announced, which could change the way we diagnose and treat various conditions. The research is being published in top-tier peer-reviewed journals across the world.",World
A major sports team has won a championship for the first time in decades. This is a sports success story.,Sports
"A global economic report was released, highlighting the impact of the pandemic on the economy.",World
"A man in Thailand has died of avian flu, the first human casualty in the country since the disease re-emerged in Asia in July, officials said Thursday.",World
World Record-breaking News on New Sports Record,World
"World record holders are celebrated during a major world event, highlighting competition.",World
"This holiday the hottest new products for kids have one thing in common: They all interact with the tube, whether by means of sensors, radio-wave technology or the regular old TV remote control.",Sci/Tech
"A major tech conference was held in Silicon Valley, featuring featured presentations and networking.",Sci/Tech
"A major sports event has been postponed due to weather conditions, and fans are waiting to see the final results.",Sports
"A new international collaboration is being formed to address global health challenges, bringing together experts from various countries. This collaboration is expected to lead to significant advancements in medical research.",World
Reuters - Thai scientists began an investigation\Monday into what some conservationists believe could be the\world''s biggest case of ape smuggling -- nearly 100 orangutan\found in a Bangkok amusement park.,Sci/Tech
Financial Markets Update for 2023/2024,Business
"A groundbreaking medical discovery has been announced, advancing the field of personalized medicine.",Sci/Tech
"The stock market showed mixed reactions as investors watch the US economy recover from a recent downturn, with markets at a 3% decline level as of today.",Business
"A political report was released, analyzing the latest developments in global politics.",World
"A new sports team has been announced, with details on player rotations and training updates.",Sports
"A sports event has been organized for World Cup participants, highlighting the spirit of competition and teamwork.",World
"A major sports event was held, with record attendance and high-point scores. This event will be a highlight of the World Cup and a reminder of the power of sports.",Sports
"A major basketball tournament concluded with a thrilling final, showcasing the beauty of competitive sports.",Sports
"The global economy has shown signs of recovery, with corporate earnings up by 3% this quarter.",Business
"A major event was held, with record attendance and high-point scores. This event will be a highlight of the World Cup and a reminder of the power of sports.",Sports
"After months waiting for Microsoft to give me a reason to remain loyal, I finally dumped Internet Explorer for the Firefox Web browser last week.",Sci/Tech
"A new health study is published, linking exercise to improved well-being.",Sports
Global leaders gather to discuss the importance of international cooperation.,World
"A new medical discovery is made, revolutionizing healthcare practices and treatments.",Business
"A world record has been broken in [insert event name], marking a new milestone in human achievement, showcasing the pursuit of excellence across all fields.",World
"A breakthrough in a new AI algorithm improved accuracy in facial recognition systems, reducing errors by 15%.",Sci/Tech
"The World category has an update on the major global economic event, the current quarter's GDP growth rate. This is a neutral and informative update for the general public.",World
"A major league game is scheduled to start at 7 PM local time, with detailed updates.",World
"A new scientific discovery has been made, offering insights into the functioning of a particular biological pathway. This article provides a detailed explanation of the discovery and its implications for researchers and enthusiasts.",Sci/Tech
A major tech company has raised $50 million for expansion into emerging markets. This is a relevant and specific business update.,Business
"A team's recent season has been successful, with record-breaking scores and standout performances.",Sports
"A breakthrough in artificial intelligence has been announced, improving machine learning efficiency.",Sci/Tech
"A major league team is training for a series of high-stakes games, with specific drills.",Sports
A tech startup has raised $10 million to launch a new mobile app for customer engagement. The app is designed to improve customer retention and satisfaction through personalized recommendations.,Business
"The World Economic Forum is expected to be held in Paris, showcasing the latest economic policies and business trends. This event is a key point of discussion in the global business landscape.",Business
"The U.S. economy reported strong growth in Q1, with consumer confidence rising to a new high.",Business
World Cup Matches 2023/2024,World
"The World Cup 2026 tournament is set to kick off with a match between two legendary teams, enhancing the tournament experience.",Sports
"A global event analysis of the World Cup World Cup, discussing the key moments, team strategies, and predictions for the tournament.",World
"The tech company has announced a breakthrough in AI technology, which could revolutionize industries.",Sci/Tech
"A major tournament has been held in the world, showcasing the best sports teams from around the globe.",World
"A new report suggests AI could revolutionize healthcare, offering insights into disease diagnosis and treatment development.",Business
"The global economy has shown signs of recovery, with key sectors showing signs of growth and confidence levels rising.",Business
"A major political conference is being organized, featuring speakers from around the globe.",World
"By MATTHEW FORDAHL    SAN JOSE, Calif. (AP) -- After years of battling Microsoft Corp...",Sci/Tech
"A world leader delivers a speech at the UN General Assembly, setting the stage for global peace and development. The speech includes a memorable address and calls for unity in a broken world.",World
"A new scientific study has been published, providing evidence for the effectiveness of a particular drug.",Sci/Tech
"A major tech startup completed its initial public offering, raising $500 million. The company, focused on AI advancements, aims to revolutionize industries like healthcare and finance.",Sci/Tech
"NewsFactor - Retailers that saw impressive growth in year-over-year online sales during last year''s holiday season should not look for the same results this year, according to estimates by Forrester Research.",Sci/Tech
"A tech startup has raised $50 million to launch a groundbreaking AI-driven platform for healthcare diagnostics. The company, Innovate Health, aims to revolutionize the industry in just six months.",Business
"A new scientific experiment has been conducted, revealing insights into climate change's effects on ecosystems.",Sci/Tech
"The stock market experienced significant fluctuations, impacting investor confidence.",Business
"A new health study is conducted, providing insights into the effects of a particular drug.",World
"A new financial index has been introduced in the science and tech category, tracking market performance for investors.",Sci/Tech
A major sports event is expected to draw thousands of participants.,Sports
"A team of cyclists shares experiences from a recent race, emphasizing the importance of training.",Sports
"A major tech company announced a breakthrough in AI, impacting industries like healthcare and finance.",Sci/Tech
"Scientists have made a breakthrough in AI, potentially revolutionizing healthcare and finance.",Sci/Tech
A global political summit is held to discuss international cooperation and challenges.,World
"The World Cup 2023 opened with a thrilling match between two legendary teams, setting a new record for global sports coverage.",World
A breakthrough in quantum computing could revolutionize industries like finance and healthcare. This is a technical and specific Sci/Tech update.,Sci/Tech
"A major political event, such as the resolution of a political conflict or the election of a leader, was reported.",World
A tech company is raising $25 million to expand into new markets. This is a specific Sci/Tech update.,Sci/Tech
"A sports coverage of the World Cup final match, featuring team statistics and player highlights from the match between Team A and Team B.",Sports
"The World Cup is set to host its latest tournament, with exciting game highlights available.",World
"The World Cup 2022 showcased the power of sports teams from around the globe, with Brazil emerging as the champion after overcoming significant challenges.",Sports
"A groundbreaking medical study has been conducted, providing new insights into a potential cure for a common illness.",Sci/Tech
"The stock market dropped by 3% on Monday, signaling another decline in economic confidence.",Business
"A basketball team has won a major tournament, with detailed game statistics and player updates.",Sports
AI in Healthcare: Applications and Challenges,Sci/Tech
"A tournament update article from the World Cup, providing detailed match-by-match analysis and predictions for the final day.",Sports
"A popular sports team has won a major tournament, showcasing their competitive spirit.",Sports
"A major tech competition is held to identify the best developers in the industry, showcasing innovation.",Business
"In the world of entertainment, a new film has been released that has sparked a lot of buzz. This article delves into the plot, cast, and why it's becoming a hot topic in the industry.",World
John Robertson has this morning been confirmed as the new Hearts manager. Mr Robertson #39;s arrival follows several days of negotiation with Inverness Caly Thistle over a compensation package for the Highland club.,Sports
"A major scientific discovery, such as a new drug compound or a breakthrough in medical research, was announced.",Sci/Tech
"A breakthrough in AI technology has been announced, allowing companies to optimize decision-making processes more efficiently.",Sci/Tech
A team has won the championship for the first time in a decade. This is a relatable sports success story.,Sports
"A quantum computing breakthrough has been announced, potentially transforming industries that rely on classical computing.",Sci/Tech
"A major event was held, such as the FIFA World Cup, which is a global sports event.",World
A major international event is being held to celebrate the centennial of a significant historical figure.,World
"A major event has been held in the scientific community, bringing together researchers from various fields.",Sci/Tech
